                  epoch,         train/box_loss,         train/cls_loss,         train/dfl_loss,   metrics/precision(B),      metrics/recall(B),       metrics/mAP50(B),    metrics/mAP50-95(B),           val/box_loss,           val/cls_loss,           val/dfl_loss,                 lr/pg0,                 lr/pg1,                 lr/pg2
                      1,                 1.8201,                 3.7185,                 1.3094,                0.55194,                0.21341,                0.26503,                 0.1102,                 1.7417,                 3.0392,                 1.3908,              0.0033114,              0.0033114,              0.0033114
                      2,                 1.6762,                 2.0905,                 1.2438,                0.77856,                0.51567,                0.63274,                0.33431,                 1.6402,                 2.3508,                   1.34,              0.0066316,              0.0066316,              0.0066316
                      3,                 1.6638,                 1.7014,                 1.2525,                0.65107,                0.61422,                0.64501,                 0.3469,                 1.5762,                 1.8585,                 1.3278,              0.0099386,              0.0099386,              0.0099386
                      4,                 1.6293,                 1.5174,                  1.249,                0.68937,                0.82605,                0.84161,                0.47538,                 1.4702,                 1.6104,                  1.268,              0.0099406,              0.0099406,              0.0099406
                      5,                 1.6258,                 1.3165,                 1.2598,                0.68791,                0.31462,                 0.3946,                0.16709,                 2.0387,                 2.9972,                 1.6896,              0.0099208,              0.0099208,              0.0099208
                      6,                 1.6061,                 1.1973,                 1.2625,                0.59759,                0.63785,                0.74449,                0.39497,                 1.6686,                 2.1372,                  1.415,               0.009901,               0.009901,               0.009901
                      7,                 1.5972,                 1.0792,                 1.2652,                0.71408,                0.68912,                0.72879,                0.40191,                 1.6052,                 1.8607,                 1.3631,              0.0098812,              0.0098812,              0.0098812
                      8,                 1.5905,                  1.008,                 1.2609,                0.62311,                0.58615,                0.69791,                0.37674,                 1.5746,                 1.9621,                 1.4047,              0.0098614,              0.0098614,              0.0098614
                      9,                 1.5756,                0.92974,                 1.2565,                0.81481,                0.72745,                0.82842,                0.44462,                 1.7053,                 1.6454,                 1.4684,              0.0098416,              0.0098416,              0.0098416
                     10,                 1.5847,                0.90266,                 1.2669,                0.53654,                0.66003,                0.68093,                0.36595,                 1.5532,                 2.1157,                 1.3488,              0.0098218,              0.0098218,              0.0098218
                     11,                 1.5765,                0.85809,                 1.2651,                0.83384,                0.67655,                0.85113,                0.43891,                 1.7159,                 1.4587,                 1.4493,               0.009802,               0.009802,               0.009802
                     12,                 1.5573,                0.81963,                 1.2631,                0.61781,                0.61748,                0.73566,                0.41001,                 1.6509,                  1.938,                 1.4246,              0.0097822,              0.0097822,              0.0097822
                     13,                  1.564,                0.81528,                 1.2774,                0.63853,                0.62168,                0.69154,                0.40533,                 1.5445,                 2.1784,                 1.3835,              0.0097624,              0.0097624,              0.0097624
                     14,                 1.5545,                0.77599,                 1.2632,                0.65614,                 0.7786,                0.75532,                0.45717,                 1.5081,                 1.6072,                 1.4243,              0.0097426,              0.0097426,              0.0097426
                     15,                 1.5555,                 0.7663,                 1.2655,                0.85765,                0.71482,                0.76827,                0.42877,                 1.6528,                 1.6496,                 1.4609,              0.0097228,              0.0097228,              0.0097228
                     16,                 1.5497,                0.74234,                  1.267,                0.61277,                0.67765,                0.76002,                0.42484,                 1.6289,                 2.4049,                 1.5141,               0.009703,               0.009703,               0.009703
                     17,                 1.5488,                0.74134,                   1.28,                0.79769,                0.67792,                0.72652,                0.40411,                 1.5924,                 1.7548,                 1.4314,              0.0096832,              0.0096832,              0.0096832
                     18,                 1.5479,                0.73663,                 1.2773,                0.87531,                0.75032,                0.85623,                0.49871,                 1.5226,                 1.4176,                 1.3754,              0.0096634,              0.0096634,              0.0096634
                     19,                 1.5367,                0.72753,                 1.2774,                0.68853,                 0.6561,                0.68999,                0.36931,                 1.7397,                 1.8402,                 1.5465,              0.0096436,              0.0096436,              0.0096436
                     20,                 1.5472,                0.71192,                 1.2728,                0.75115,                0.57317,                0.71657,                0.38606,                 1.7271,                 2.0507,                 1.4868,              0.0096238,              0.0096238,              0.0096238
                     21,                 1.5339,                0.70987,                 1.2618,                0.68267,                0.68917,                0.78545,                0.43805,                 1.6328,                  1.607,                 1.4709,               0.009604,               0.009604,               0.009604
                     22,                 1.5285,                0.69736,                 1.2688,                0.91139,                0.63678,                0.82159,                0.43289,                 1.7349,                 1.4918,                  1.511,              0.0095842,              0.0095842,              0.0095842
                     23,                 1.5264,                0.69363,                 1.2632,                0.74347,                0.70874,                0.80081,                0.47089,                 1.4611,                 1.5611,                 1.3426,              0.0095644,              0.0095644,              0.0095644
                     24,                 1.5292,                0.68838,                 1.2585,                0.72192,                0.78186,                0.81471,                0.46074,                 1.5948,                 1.3707,                 1.4528,              0.0095446,              0.0095446,              0.0095446
                     25,                  1.526,                0.68152,                 1.2668,                0.82065,                 0.7189,                0.86951,                0.43653,                 1.7911,                 1.3408,                 1.5751,              0.0095248,              0.0095248,              0.0095248
                     26,                 1.5257,                0.67045,                 1.2704,                0.78945,                0.69863,                 0.7869,                0.40804,                  1.722,                 1.5627,                 1.4977,               0.009505,               0.009505,               0.009505
                     27,                 1.5231,                0.66957,                 1.2578,                0.70519,                0.78444,                0.76862,                0.41383,                 1.7573,                 1.5786,                 1.5962,              0.0094852,              0.0094852,              0.0094852
                     28,                 1.5154,                0.66891,                 1.2628,                0.67485,                0.50979,                0.63339,                 0.3507,                 1.5523,                 2.1559,                 1.4165,              0.0094654,              0.0094654,              0.0094654
                     29,                 1.5188,                0.67565,                 1.2496,                0.63229,                0.57374,                0.62287,                0.30361,                  1.876,                 1.9497,                 1.6853,              0.0094456,              0.0094456,              0.0094456
                     30,                 1.5169,                0.66267,                  1.254,                0.74769,                 0.7464,                0.82588,                0.43633,                 1.6774,                  1.442,                 1.4896,              0.0094258,              0.0094258,              0.0094258
                     31,                 1.5036,                0.64923,                 1.2507,                0.81683,                0.77431,                0.87637,                0.46716,                 1.7333,                 1.2969,                  1.545,               0.009406,               0.009406,               0.009406
                     32,                  1.512,                0.66351,                 1.2611,                0.71549,                0.65369,                0.77011,                0.36594,                 1.9024,                 1.5888,                 1.6392,              0.0093862,              0.0093862,              0.0093862
                     33,                 1.5132,                0.65491,                 1.2661,                0.78044,                0.71587,                0.87103,                0.49861,                 1.5545,                 1.4898,                 1.4106,              0.0093664,              0.0093664,              0.0093664
                     34,                 1.5052,                0.64155,                 1.2522,                0.72981,                0.74447,                0.79527,                0.40836,                 1.8094,                 1.6367,                 1.5855,              0.0093466,              0.0093466,              0.0093466
                     35,                 1.5005,                0.65268,                 1.2533,                0.48488,                0.64862,                0.68885,                0.38105,                 1.6119,                 1.8236,                 1.4566,              0.0093268,              0.0093268,              0.0093268
                     36,                 1.4925,                0.64176,                 1.2363,                0.81962,                0.61926,                0.81197,                0.46404,                 1.5603,                 1.7357,                 1.4332,               0.009307,               0.009307,               0.009307
                     37,                 1.5107,                0.64967,                 1.2623,                0.87258,                0.76573,                0.85273,                0.46378,                 1.6549,                  1.363,                  1.483,              0.0092872,              0.0092872,              0.0092872
                     38,                 1.4966,                0.63813,                 1.2524,                0.73592,                0.67988,                0.80736,                0.43849,                 1.6252,                 1.4634,                 1.4711,              0.0092674,              0.0092674,              0.0092674
                     39,                 1.5046,                0.64598,                 1.2554,                0.70288,                  0.838,                0.86563,                0.51446,                  1.457,                 1.3933,                 1.3552,              0.0092476,              0.0092476,              0.0092476
                     40,                 1.4961,                0.63065,                 1.2556,                0.79773,                0.79918,                0.86929,                0.46298,                 1.6319,                 1.5848,                  1.435,              0.0092278,              0.0092278,              0.0092278
                     41,                 1.4956,                0.64249,                 1.2422,                 0.8424,                0.75275,                0.86241,                0.40962,                 1.9156,                 1.5418,                 1.6504,               0.009208,               0.009208,               0.009208
                     42,                 1.4828,                0.62624,                 1.2303,                0.74429,                 0.6954,                0.81654,                0.43426,                 1.7242,                  1.696,                 1.5358,              0.0091882,              0.0091882,              0.0091882
                     43,                 1.4908,                0.62089,                 1.2407,                0.86335,                0.77243,                0.91395,                0.52621,                 1.5817,                 1.2268,                 1.4413,              0.0091684,              0.0091684,              0.0091684
                     44,                 1.4855,                0.61925,                 1.2462,                0.81196,                0.63873,                0.71844,                0.43486,                 1.4846,                 1.8755,                 1.4224,              0.0091486,              0.0091486,              0.0091486
                     45,                 1.4863,                0.62313,                 1.2475,                0.87655,                 0.7707,                0.84825,                0.48547,                 1.5778,                  1.366,                 1.4546,              0.0091288,              0.0091288,              0.0091288
                     46,                 1.4973,                0.63098,                  1.255,                0.84991,                0.66614,                0.80616,                0.44004,                 1.6447,                 2.0288,                  1.503,               0.009109,               0.009109,               0.009109
                     47,                 1.4776,                0.62067,                 1.2518,                0.60311,                0.71544,                0.76589,                0.42537,                 1.6997,                 1.7635,                 1.5506,              0.0090892,              0.0090892,              0.0090892
                     48,                 1.4745,                0.61577,                 1.2495,                 0.7532,                0.63271,                0.76339,                0.41236,                 1.7721,                 2.1269,                 1.5702,              0.0090694,              0.0090694,              0.0090694
                     49,                 1.4724,                0.61057,                 1.2442,                0.76751,                0.65046,                0.74984,                0.43375,                 1.5687,                  1.851,                 1.4392,              0.0090496,              0.0090496,              0.0090496
                     50,                 1.4825,                0.61164,                 1.2522,                  0.675,                 0.6807,                0.75613,                0.42239,                 1.6221,                 1.5853,                 1.4755,              0.0090298,              0.0090298,              0.0090298
                     51,                 1.4711,                0.61637,                 1.2329,                0.76726,                0.81322,                0.91119,                0.49581,                 1.6618,                 1.2836,                 1.4652,                0.00901,                0.00901,                0.00901
                     52,                   1.47,                0.59961,                 1.2431,                0.75546,                0.85107,                0.92081,                0.44701,                 1.9001,                 1.2009,                 1.6324,              0.0089902,              0.0089902,              0.0089902
                     53,                 1.4814,                0.61535,                 1.2394,                  0.741,                0.41798,                0.52977,                0.28509,                 1.8281,                 3.1601,                 1.6053,              0.0089704,              0.0089704,              0.0089704
                     54,                 1.4631,                 0.6055,                 1.2403,                0.59327,                0.66644,                0.70283,                0.37029,                 1.7164,                 1.9672,                 1.5328,              0.0089506,              0.0089506,              0.0089506
                     55,                 1.4662,                0.60688,                 1.2355,                0.78068,                0.70954,                0.85509,                0.48454,                 1.5665,                 1.3371,                 1.4163,              0.0089308,              0.0089308,              0.0089308
                     56,                 1.4677,                0.59988,                 1.2423,                0.75466,                0.74663,                0.82587,                0.45865,                 1.6045,                 1.3941,                 1.4751,               0.008911,               0.008911,               0.008911
                     57,                 1.4548,                0.59474,                 1.2276,                0.77242,                0.91237,                0.94339,                 0.4823,                 1.7884,                 1.0889,                 1.5984,              0.0088912,              0.0088912,              0.0088912
                     58,                 1.4769,                0.60204,                 1.2501,                0.85805,                0.66299,                 0.8064,                0.46738,                 1.5233,                  1.463,                 1.4125,              0.0088714,              0.0088714,              0.0088714
                     59,                 1.4641,                0.60509,                 1.2439,                0.74267,                0.79888,                0.86307,                0.46221,                 1.7514,                  1.277,                 1.5553,              0.0088516,              0.0088516,              0.0088516
                     60,                 1.4725,                0.60021,                 1.2288,                0.64498,                0.79065,                0.82305,                 0.4525,                 1.6579,                 1.4632,                 1.5343,              0.0088318,              0.0088318,              0.0088318
                     61,                 1.4742,                0.60704,                 1.2418,                0.72817,                0.69478,                0.78388,                 0.3939,                 1.9178,                 1.7694,                 1.6419,               0.008812,               0.008812,               0.008812
                     62,                 1.4593,                0.59988,                 1.2348,                0.83719,                0.87356,                0.93012,                0.52453,                 1.6669,                 1.1644,                 1.5064,              0.0087922,              0.0087922,              0.0087922
                     63,                 1.4567,                0.60164,                 1.2263,                0.81283,                0.43312,                0.57012,                0.33452,                 1.5881,                 2.9998,                 1.4516,              0.0087724,              0.0087724,              0.0087724
                     64,                 1.4658,                0.59162,                 1.2371,                0.78803,                0.73668,                0.84528,                0.45529,                 1.7278,                 1.4359,                 1.5532,              0.0087526,              0.0087526,              0.0087526
                     65,                 1.4566,                0.59301,                 1.2319,                0.66736,                0.68094,                0.75204,                0.41995,                 1.6119,                 1.4858,                 1.4743,              0.0087328,              0.0087328,              0.0087328
                     66,                 1.4579,                0.59423,                 1.2281,                0.70784,                0.82619,                0.87411,                0.46624,                 1.7653,                 1.3635,                 1.5738,               0.008713,               0.008713,               0.008713
                     67,                 1.4611,                0.59197,                 1.2431,                0.80507,                0.69688,                0.78905,                0.43227,                 1.6485,                 1.6351,                 1.4863,              0.0086932,              0.0086932,              0.0086932
                     68,                 1.4542,                0.59176,                 1.2268,                0.75904,                 0.7358,                0.77103,                0.43668,                 1.6629,                  1.417,                   1.48,              0.0086734,              0.0086734,              0.0086734
                     69,                 1.4492,                0.58638,                 1.2344,                0.74756,                0.69033,                0.81143,                0.44534,                 1.6345,                 1.3936,                 1.5093,              0.0086536,              0.0086536,              0.0086536
                     70,                 1.4452,                0.58198,                 1.2287,                0.78035,                0.87186,                0.91021,                0.48459,                 1.7257,                 1.1082,                 1.5606,              0.0086338,              0.0086338,              0.0086338
                     71,                 1.4548,                0.58465,                  1.236,                0.89324,                0.69674,                0.78516,                0.42293,                 1.6882,                 1.5018,                 1.5151,               0.008614,               0.008614,               0.008614
                     72,                 1.4607,                 0.5845,                 1.2287,                0.81123,                0.67544,                0.72968,                0.41324,                  1.576,                  1.702,                 1.4481,              0.0085942,              0.0085942,              0.0085942
                     73,                 1.4528,                0.58679,                 1.2349,                0.79394,                0.62595,                0.77442,                0.40891,                 1.7408,                 1.6996,                  1.557,              0.0085744,              0.0085744,              0.0085744
                     74,                 1.4466,                0.58609,                   1.23,                0.78612,                0.71718,                0.79683,                 0.4324,                 1.6502,                 1.4203,                    1.5,              0.0085546,              0.0085546,              0.0085546
                     75,                 1.4513,                0.58151,                 1.2207,                 0.7767,                0.73507,                0.80555,                0.41472,                 1.8469,                 1.5934,                  1.659,              0.0085348,              0.0085348,              0.0085348
                     76,                 1.4406,                0.58124,                 1.2178,                 0.8413,                 0.7851,                0.83914,                0.46435,                 1.6795,                  1.249,                 1.5053,               0.008515,               0.008515,               0.008515
                     77,                 1.4518,                0.57902,                 1.2335,                0.91412,                0.64349,                0.84072,                0.45508,                 1.7068,                 1.5187,                 1.5159,              0.0084952,              0.0084952,              0.0084952
                     78,                 1.4388,                0.58385,                 1.2279,                0.69562,                0.84658,                0.80851,                0.42274,                 1.8218,                 1.3204,                 1.6073,              0.0084754,              0.0084754,              0.0084754
                     79,                 1.4485,                0.57706,                 1.2176,                0.83215,                0.79404,                  0.902,                0.50184,                 1.6419,                 1.3598,                 1.4825,              0.0084556,              0.0084556,              0.0084556
                     80,                 1.4465,                0.57487,                  1.225,                0.84251,                0.64066,                0.77931,                 0.4476,                 1.6424,                 1.4988,                 1.5108,              0.0084358,              0.0084358,              0.0084358
                     81,                 1.4507,                0.57461,                 1.2362,                0.81458,                0.67799,                 0.7931,                0.44351,                 1.6381,                 1.4304,                  1.495,               0.008416,               0.008416,               0.008416
                     82,                 1.4469,                0.57243,                 1.2242,                0.78586,                0.71115,                0.81563,                0.47319,                 1.5682,                 1.4355,                 1.4724,              0.0083962,              0.0083962,              0.0083962
                     83,                 1.4379,                0.56948,                 1.2169,                0.85347,                0.60878,                0.72245,                0.38516,                 1.7972,                 1.6898,                 1.6142,              0.0083764,              0.0083764,              0.0083764
                     84,                 1.4368,                0.57733,                  1.223,                0.81932,                0.73018,                0.83397,                0.43693,                 1.7765,                 1.3952,                 1.5997,              0.0083566,              0.0083566,              0.0083566
                     85,                  1.435,                0.57706,                 1.2342,                0.84054,                0.70289,                0.78453,                0.44713,                 1.5987,                  1.732,                 1.4704,              0.0083368,              0.0083368,              0.0083368
                     86,                 1.4415,                0.57153,                 1.2335,                0.81899,                 0.6211,                0.76835,                0.42127,                 1.6949,                 1.5394,                 1.5201,               0.008317,               0.008317,               0.008317
                     87,                  1.441,                0.56718,                 1.2257,                 0.8216,                0.69366,                 0.8272,                0.45658,                 1.6435,                 1.5107,                 1.4949,              0.0082972,              0.0082972,              0.0082972
                     88,                  1.426,                0.56495,                 1.2206,                0.80837,                0.66588,                0.71438,                0.41606,                 1.4864,                 1.6642,                  1.424,              0.0082774,              0.0082774,              0.0082774
                     89,                  1.435,                0.56801,                 1.2216,                0.77918,                 0.7029,                0.85552,                 0.4276,                 1.8442,                 1.2752,                 1.6531,              0.0082576,              0.0082576,              0.0082576
                     90,                  1.427,                0.55984,                  1.224,                0.82602,                0.58349,                0.65457,                0.37931,                 1.5759,                 2.0073,                 1.4756,              0.0082378,              0.0082378,              0.0082378
                     91,                 1.4217,                0.56419,                 1.2292,                0.71601,                0.71042,                0.77849,                0.42636,                 1.6783,                 1.5025,                 1.5427,               0.008218,               0.008218,               0.008218
                     92,                 1.4306,                0.57114,                   1.21,                0.78898,                0.73175,                0.86595,                 0.4599,                  1.715,                 1.3205,                 1.5482,              0.0081982,              0.0081982,              0.0081982
                     93,                 1.4216,                 0.5678,                 1.2297,                0.67697,                0.60612,                0.71798,                0.34838,                 1.8362,                 1.9245,                 1.6088,              0.0081784,              0.0081784,              0.0081784
                     94,                 1.4338,                0.56719,                 1.2213,                0.83099,                0.59368,                0.74689,                0.36831,                 1.8857,                 1.6865,                 1.6594,              0.0081586,              0.0081586,              0.0081586
                     95,                 1.4166,                0.55916,                  1.214,                 0.7989,                0.63134,                0.79209,                0.40301,                 1.8609,                 1.5521,                 1.6323,              0.0081388,              0.0081388,              0.0081388
                     96,                 1.4256,                0.56741,                 1.2189,                0.84436,                0.66744,                0.82705,                0.46809,                 1.5826,                 1.5454,                 1.4645,               0.008119,               0.008119,               0.008119
                     97,                 1.4261,                 0.5689,                 1.2162,                0.82218,                0.67773,                0.83216,                0.44591,                 1.7254,                 1.5689,                 1.5703,              0.0080992,              0.0080992,              0.0080992
                     98,                  1.428,                0.55724,                 1.2118,                 0.8609,                 0.7161,                0.80328,                0.44479,                 1.6526,                 1.6254,                 1.5273,              0.0080794,              0.0080794,              0.0080794
                     99,                 1.4314,                0.56964,                 1.2324,                0.90785,                0.69307,                0.83697,                0.43552,                 1.8187,                 1.4347,                 1.6308,              0.0080596,              0.0080596,              0.0080596
                    100,                 1.4176,                0.55712,                 1.2155,                0.81165,                0.68671,                0.77713,                 0.3922,                 1.8657,                 1.5144,                 1.6887,              0.0080398,              0.0080398,              0.0080398
                    101,                 1.4232,                0.56529,                 1.2188,                 0.8691,                0.74497,                0.88441,                0.45006,                 1.7945,                 1.2627,                 1.6308,                0.00802,                0.00802,                0.00802
                    102,                 1.4216,                0.55531,                 1.2176,                0.84691,                0.83797,                0.90312,                 0.4842,                 1.7233,                   1.12,                 1.5675,              0.0080002,              0.0080002,              0.0080002
                    103,                 1.4363,                 0.5577,                 1.2221,                0.75334,                 0.6858,                0.76503,                0.41232,                  1.725,                 1.8123,                 1.5721,              0.0079804,              0.0079804,              0.0079804
                    104,                 1.4345,                0.56177,                 1.2218,                0.79524,                0.64028,                0.77361,                0.43765,                 1.5564,                  1.501,                 1.4355,              0.0079606,              0.0079606,              0.0079606
                    105,                 1.4203,                0.55611,                 1.2086,                0.85251,                0.68662,                0.83143,                0.48096,                 1.5681,                 1.4983,                 1.4414,              0.0079408,              0.0079408,              0.0079408
                    106,                 1.4184,                0.55195,                 1.2142,                0.80889,                0.70688,                0.83248,                0.46031,                  1.669,                 1.2989,                 1.5003,               0.007921,               0.007921,               0.007921
                    107,                 1.4147,                 0.5543,                 1.2217,                0.85101,                0.68902,                0.86134,                0.47184,                  1.671,                 1.4119,                  1.523,              0.0079012,              0.0079012,              0.0079012
                    108,                 1.4123,                0.55045,                 1.2135,                0.73969,                0.77392,                0.85893,                0.44343,                 1.7774,                 1.3583,                 1.5916,              0.0078814,              0.0078814,              0.0078814
                    109,                 1.4182,                0.55354,                 1.2196,                0.69597,                0.68655,                0.77162,                0.39442,                 1.7412,                 1.6328,                 1.5713,              0.0078616,              0.0078616,              0.0078616
                    110,                 1.4083,                0.55219,                 1.2077,                0.69548,                0.61017,                0.72621,                0.36543,                 1.8496,                 2.0481,                 1.6346,              0.0078418,              0.0078418,              0.0078418
                    111,                 1.4209,                0.54851,                 1.2101,                0.68299,                0.86259,                0.84976,                0.44138,                 1.7601,                 1.3493,                 1.5736,               0.007822,               0.007822,               0.007822
                    112,                 1.4141,                0.55153,                 1.2124,                 0.8716,                0.64249,                 0.8219,                0.37279,                 1.9877,                  1.436,                 1.7176,              0.0078022,              0.0078022,              0.0078022
                    113,                 1.4058,                 0.5531,                 1.2072,                0.81414,                0.84353,                 0.8995,                0.50772,                 1.6094,                 1.1063,                 1.4727,              0.0077824,              0.0077824,              0.0077824
                    114,                 1.4269,                0.54585,                 1.2227,                0.79993,                0.74847,                0.89539,                0.47432,                 1.7242,                 1.3853,                 1.5658,              0.0077626,              0.0077626,              0.0077626
                    115,                 1.4217,                0.55856,                 1.2152,                0.80531,                0.71958,                0.79524,                0.41194,                 1.7908,                 1.6367,                 1.6384,              0.0077428,              0.0077428,              0.0077428
                    116,                 1.4131,                0.55811,                 1.2142,                0.79064,                0.80204,                0.85615,                0.46127,                   1.65,                 1.2655,                 1.5134,               0.007723,               0.007723,               0.007723
                    117,                 1.4044,                0.54954,                  1.205,                0.78552,                0.82973,                0.89635,                0.48948,                 1.6452,                 1.0997,                 1.5247,              0.0077032,              0.0077032,              0.0077032
                    118,                 1.4059,                0.55443,                 1.2087,                0.76055,                0.78894,                0.84816,                 0.4521,                 1.7348,                 1.3705,                 1.5738,              0.0076834,              0.0076834,              0.0076834
                    119,                  1.404,                 0.5453,                 1.2076,                0.74609,                0.80319,                0.87209,                0.44183,                 1.8146,                 1.2437,                 1.5963,              0.0076636,              0.0076636,              0.0076636
                    120,                 1.4098,                0.54718,                 1.2133,                0.76837,                0.75654,                0.83871,                0.39597,                 2.0035,                 1.3372,                  1.716,              0.0076438,              0.0076438,              0.0076438
                    121,                 1.4108,                 0.5413,                 1.2037,                0.74167,                0.79999,                0.84039,                0.40015,                 1.9087,                  1.337,                 1.6665,               0.007624,               0.007624,               0.007624
                    122,                 1.4152,                0.55108,                 1.2157,                0.81347,                0.82335,                 0.8785,                0.45148,                 1.7923,                 1.1928,                 1.6104,              0.0076042,              0.0076042,              0.0076042
                    123,                 1.3897,                0.54284,                 1.2091,                 0.6786,                0.73105,                0.77604,                0.39358,                 1.8565,                 1.5363,                 1.6573,              0.0075844,              0.0075844,              0.0075844
                    124,                  1.408,                0.53778,                 1.2077,                0.85533,                 0.6163,                0.81594,                0.40751,                  1.862,                 1.3547,                 1.6318,              0.0075646,              0.0075646,              0.0075646
                    125,                 1.3987,                 0.5399,                 1.2061,                0.73686,                0.81532,                0.84439,                0.45176,                 1.7136,                 1.2635,                 1.5427,              0.0075448,              0.0075448,              0.0075448
                    126,                 1.4067,                0.54419,                 1.2101,                0.78527,                0.76211,                 0.8522,                0.46794,                  1.687,                 1.2975,                 1.5337,               0.007525,               0.007525,               0.007525
                    127,                 1.4021,                  0.547,                 1.2037,                0.72964,                0.79426,                0.84807,                0.43301,                 1.7661,                 1.3034,                 1.6205,              0.0075052,              0.0075052,              0.0075052
                    128,                 1.3947,                0.53342,                 1.2097,                0.71001,                0.76013,                0.82982,                0.42378,                 1.7549,                 1.1939,                 1.6108,              0.0074854,              0.0074854,              0.0074854
                    129,                 1.4003,                0.53874,                 1.1985,                0.80937,                0.69367,                0.80991,                0.41478,                 1.7512,                 1.3147,                 1.6109,              0.0074656,              0.0074656,              0.0074656
                    130,                 1.3944,                0.54939,                  1.203,                0.81336,                0.69267,                0.84669,                0.42249,                 1.8398,                 1.3678,                 1.6725,              0.0074458,              0.0074458,              0.0074458
                    131,                 1.4004,                0.54471,                  1.209,                 0.7446,                0.66976,                0.71621,                 0.3747,                 1.7914,                 1.5821,                 1.6001,               0.007426,               0.007426,               0.007426
                    132,                  1.398,                0.54348,                 1.2161,                0.70261,                0.78898,                0.84675,                0.45013,                  1.706,                 1.2948,                 1.5572,              0.0074062,              0.0074062,              0.0074062
                    133,                 1.3823,                0.53611,                 1.1938,                0.69704,                0.73633,                0.79253,                0.39306,                  1.817,                 1.4305,                 1.6652,              0.0073864,              0.0073864,              0.0073864
                    134,                 1.3936,                0.52892,                 1.2011,                0.86362,                0.64942,                0.83835,                0.41814,                 1.8205,                 1.3583,                 1.6534,              0.0073666,              0.0073666,              0.0073666
                    135,                  1.392,                0.53789,                 1.1964,                  0.818,                0.77712,                0.87367,                0.49315,                 1.6247,                 1.1367,                 1.4896,              0.0073468,              0.0073468,              0.0073468
                    136,                 1.3797,                 0.5317,                 1.2038,                0.81063,                0.82113,                0.87008,                0.46434,                 1.6977,                 1.1322,                 1.5483,               0.007327,               0.007327,               0.007327
                    137,                  1.393,                0.53919,                 1.2046,                0.72584,                0.81378,                0.85061,                0.45967,                 1.6953,                 1.3327,                 1.5361,              0.0073072,              0.0073072,              0.0073072
                    138,                 1.3855,                0.53125,                 1.1936,                0.76991,                0.64548,                 0.7683,                0.40959,                 1.6807,                  1.684,                 1.5125,              0.0072874,              0.0072874,              0.0072874
                    139,                 1.3905,                0.53457,                 1.2013,                0.78341,                0.66351,                0.78517,                0.40728,                 1.7925,                  1.573,                 1.5893,              0.0072676,              0.0072676,              0.0072676
                    140,                 1.3868,                0.53925,                    1.2,                0.80717,                0.68167,                0.77006,                0.41595,                 1.7262,                 1.4642,                 1.5836,              0.0072478,              0.0072478,              0.0072478
                    141,                  1.385,                0.53607,                 1.1893,                0.90462,                0.71601,                0.84521,                0.44822,                 1.7108,                 1.2043,                 1.5555,               0.007228,               0.007228,               0.007228
                    142,                 1.3813,                0.53708,                 1.2047,                0.84376,                0.72454,                0.87976,                0.44185,                 1.8336,                 1.1053,                 1.6628,              0.0072082,              0.0072082,              0.0072082
                    143,                  1.389,                0.53503,                 1.1992,                0.82274,                0.76628,                0.83737,                0.42618,                 1.8366,                 1.2754,                 1.6657,              0.0071884,              0.0071884,              0.0071884
                    144,                 1.3931,                0.53035,                 1.2054,                0.79902,                0.63969,                0.76424,                0.35788,                 2.0372,                 1.6025,                 1.8128,              0.0071686,              0.0071686,              0.0071686
                    145,                 1.3888,                0.53406,                 1.2075,                0.84742,                 0.6478,                0.74454,                0.36006,                 1.9563,                 1.5539,                 1.7385,              0.0071488,              0.0071488,              0.0071488
                    146,                 1.3988,                0.53209,                 1.2013,                0.87727,                0.56845,                0.72158,                0.36934,                 1.7822,                 1.6882,                 1.6043,               0.007129,               0.007129,               0.007129
                    147,                 1.3892,                0.53272,                 1.2094,                0.87346,                0.71818,                0.81291,                0.43483,                 1.7329,                 1.3724,                 1.5921,              0.0071092,              0.0071092,              0.0071092
                    148,                 1.3929,                0.53261,                 1.2007,                0.77526,                0.68961,                0.75575,                0.35223,                 2.0563,                  1.575,                 1.8353,              0.0070894,              0.0070894,              0.0070894
                    149,                 1.3735,                0.53952,                 1.1991,                 0.7837,                0.69092,                0.75802,                0.37737,                 1.8254,                 1.3469,                 1.6463,              0.0070696,              0.0070696,              0.0070696
                    150,                 1.3757,                0.52961,                 1.1961,                0.71139,                0.71467,                0.74934,                0.39189,                 1.8087,                 1.4826,                 1.6201,              0.0070498,              0.0070498,              0.0070498
                    151,                 1.3676,                0.52377,                 1.1988,                0.71216,                0.76414,                0.80111,                0.44246,                  1.655,                 1.3001,                 1.5109,                0.00703,                0.00703,                0.00703
                    152,                   1.38,                0.52489,                 1.1954,                0.73226,                0.73146,                0.79169,                0.42834,                 1.6654,                 1.4497,                 1.5422,              0.0070102,              0.0070102,              0.0070102
                    153,                 1.3859,                 0.5392,                 1.1995,                0.79191,                0.65721,                 0.7848,                0.43123,                 1.7092,                 1.5468,                 1.5656,              0.0069904,              0.0069904,              0.0069904
                    154,                 1.3745,                0.52751,                 1.1924,                0.86324,                0.67238,                0.85551,                 0.4457,                 1.7617,                  1.264,                 1.6082,              0.0069706,              0.0069706,              0.0069706
                    155,                 1.3725,                0.52809,                  1.189,                0.68838,                0.73133,                 0.7825,                0.41992,                  1.673,                 1.5143,                 1.5849,              0.0069508,              0.0069508,              0.0069508
                    156,                 1.3812,                0.52773,                 1.2022,                0.83289,                0.78628,                 0.8626,                0.42586,                  1.893,                 1.2975,                 1.7019,               0.006931,               0.006931,               0.006931
                    157,                 1.3852,                0.53389,                 1.1911,                0.76501,                0.72315,                0.76471,                0.39832,                 1.7999,                 1.6158,                 1.6312,              0.0069112,              0.0069112,              0.0069112
                    158,                  1.378,                0.52558,                 1.1884,                0.64045,                0.76573,                0.78385,                0.39272,                 1.8613,                 1.3807,                 1.6884,              0.0068914,              0.0068914,              0.0068914
                    159,                 1.3819,                0.52518,                 1.1984,                0.69934,                0.71488,                0.76678,                0.38589,                 1.8055,                 1.4994,                 1.6526,              0.0068716,              0.0068716,              0.0068716
                    160,                 1.3754,                0.52404,                 1.1987,                0.68666,                0.71746,                0.79283,                  0.418,                  1.733,                 1.5893,                 1.5815,              0.0068518,              0.0068518,              0.0068518
                    161,                 1.3646,                0.51998,                 1.1795,                0.62488,                0.73071,                0.76283,                0.41396,                 1.7182,                 1.4924,                 1.5811,               0.006832,               0.006832,               0.006832
                    162,                 1.3832,                0.52534,                  1.199,                0.67147,                0.72882,                0.82872,                0.42913,                 1.7564,                 1.4444,                  1.588,              0.0068122,              0.0068122,              0.0068122
